Employee_No,leave_date,Type,Applied Date,Remarks,apply_type
347,1/29/2020,Half Day,1/4/2022 15:33,\N,Anual
347,1/29/2020,Half Day,1/4/2022 15:33,\N,Anual
347,1/29/2020,Half Day,1/4/2022 15:36,\N,Anual
347,1/29/2020,Half Day,1/4/2022 15:36,\N,Anual
347,1/29/2020,Half Day,1/4/2022 18:02,\N,Anual
1961,1/24/2022,Full Day,2/15/2022 9:46,Personal,Anual
1961,1/25/2022,Full Day,2/15/2022 9:46,Personal,Anual
2346,1/10/2022,Full Day,2/15/2022 9:46,Personal,Anual
2346,1/11/2022,Full Day,2/15/2022 9:46,Personal,Anual
2346,1/12/2022,Full Day,2/15/2022 9:46,Personal,Anual
2346,1/13/2022,Full Day,2/15/2022 9:46,Personal,Anual
580,7/7/2021,Full Day,3/7/2022 18:46,Having a wedding to attend,Anual
580,7/8/2021,Full Day,3/7/2022 18:46,Having a wedding to attend,Anual
580,7/9/2021,Full Day,3/7/2022 18:46,Having a wedding to attend,Anual
1385,7/15/2021,Half Day,3/7/2022 18:58,For Covid Vaccination.,Anual
664,7/19/2021,Full Day,3/7/2022 18:58,For a personal matter,Anual
597,7/22/2021,Full Day,3/7/2022 18:58,Personal Matter,Anual
597,7/24/2021,Half Day,3/7/2022 18:58,Personal Matter,Anual
597,7/30/2021,Full Day,3/7/2022 18:58,Went to meet the Doctor,Anual
551,8/12/2021,Full Day,3/7/2022 18:58,to be taken 2nd dos vaslen,Anual
597,8/17/2021,Full Day,3/7/2022 18:58,Personal,Anual
597,8/19/2021,Full Day,3/7/2022 18:58,Personal,Anual
440,8/20/2021,Half Day,3/7/2022 18:58,Vaccination-2nd Dose,Anual
437,8/30/2021,Full Day,3/7/2022 18:58,Personnel,Anual
437,8/31/2021,Full Day,3/7/2022 18:58,Personnel,Anual
437,9/1/2021,Full Day,3/7/2022 18:58,Personnel,Anual
437,9/2/2021,Full Day,3/7/2022 18:58,Personnel,Anual
516,9/7/2021,Half Day,3/7/2022 18:58,Personal,Anual
597,7/12/2021,Half Day,3/7/2022 18:58,Went to the dental Hospital,Anual
440,9/21/2021,Full Day,3/7/2022 18:58,Sick,Anual
517,9/7/2021,Half Day,3/7/2022 18:58,Went to get the Cov19 Vaccine,Anual
517,10/8/2021,Full Day,3/7/2022 18:58,Sick,Anual
597,9/21/2021,Half Day,3/7/2022 18:59,Personal,Anual
517,10/16/2021,Half Day,3/7/2022 18:59,Personal,Anual
1212,10/18/2021,Full Day,3/7/2022 18:59,Personal,Anual
516,10/18/2021,Full Day,3/7/2022 18:59,Personal,Anual
437,10/18/2021,Half Day,3/7/2022 18:59,Personnel,Anual
556,10/21/2021,Full Day,3/7/2022 18:59,COVID 19,Anual
556,10/22/2021,Full Day,3/7/2022 18:59,COVID 19,Anual
556,10/23/2021,Full Day,3/7/2022 18:59,COVID 19,Anual
556,10/24/2021,Full Day,3/7/2022 18:59,COVID 19,Anual
556,10/25/2021,Full Day,3/7/2022 18:59,COVID 19,Anual
556,10/26/2021,Full Day,3/7/2022 18:59,COVID 19,Anual
556,10/27/2021,Full Day,3/7/2022 18:59,COVID 19,Anual
556,10/28/2021,Full Day,3/7/2022 18:59,COVID 19,Anual
556,10/29/2021,Full Day,3/7/2022 18:59,COVID 19,Anual
556,10/30/2021,Full Day,3/7/2022 18:59,COVID 19,Anual
517,10/22/2021,Full Day,3/7/2022 18:59,Sick,Anual
517,10/23/2021,Half Day,3/7/2022 18:59,Sick,Anual
597,10/2/2021,Half Day,3/7/2022 18:59,Personal,Anual
597,10/16/2021,Half Day,3/7/2022 18:59,Personal,Anual
437,11/5/2021,Full Day,3/7/2022 18:59,Personnel,Anual
1212,11/12/2021,Full Day,3/7/2022 18:59,PERSONAL,Anual
517,11/13/2021,Half Day,3/7/2022 18:59,Personal,Anual
2107,11/23/2021,Full Day,3/7/2022 18:59,Personal,Anual
597,11/19/2021,Full Day,3/7/2022 18:59,Personal,Anual
597,11/20/2021,Half Day,3/7/2022 18:59,Personal,Anual
517,11/15/2021,Full Day,3/7/2022 18:59,Personal,Anual
437,11/27/2021,Half Day,3/7/2022 18:59,Personnel,Anual
1381,11/26/2021,Half Day,3/7/2022 18:59,Personal,Anual
437,12/2/2021,Full Day,3/7/2022 18:59,Personnel,Anual
437,12/3/2021,Full Day,3/7/2022 18:59,Personnel,Anual
2225,12/17/2021,Half Day,3/7/2022 18:59,Personal,Anual
1212,12/10/2021,Full Day,3/7/2022 18:59,Personal,Anual
2107,12/15/2021,Full Day,3/7/2022 18:59,Personal,Anual
664,12/16/2021,Half Day,3/7/2022 18:59,For a personal Matter,Anual
2107,12/17/2021,Full Day,3/7/2022 18:59,Personal Reason,Anual
437,12/17/2021,Half Day,3/7/2022 18:59,Personel,Anual
1212,12/21/2021,Full Day,3/7/2022 18:59,Personal,Anual
2107,12/22/2021,Half Day,3/7/2022 18:59,Personal,Anual
2225,12/23/2021,Full Day,3/7/2022 18:59,Personal (house shifting),Anual
664,12/22/2021,Full Day,3/7/2022 18:59,For personal matter,Anual
517,11/22/2021,Half Day,3/7/2022 18:59,Short leave on 14.11 & 20.11,Anual
517,12/24/2021,Half Day,3/7/2022 18:59,Short leave on 20.12 & 24.12,Anual
517,11/26/2021,Half Day,3/7/2022 18:59,Short leaves on 26.11 & 15.12,Anual
1212,12/29/2021,Half Day,3/7/2022 18:59,PERSONAL,Anual
517,12/31/2021,Half Day,3/7/2022 18:59,personal,Anual
597,12/24/2021,Full Day,3/7/2022 18:59,Personal,Anual
597,12/28/2021,Full Day,3/7/2022 18:59,Personal,Anual
597,12/27/2021,Half Day,3/7/2022 18:59,Personal,Anual
2225,2/5/2022,Half Day,3/7/2022 19:00,Attending the Arbitration cour,Anual
2107,2/5/2022,Half Day,3/7/2022 19:00,Personal,Anual
516,2/5/2022,Half Day,3/7/2022 19:00,personal,Anual
2225,2/19/2022,Half Day,3/7/2022 19:00,Attending Class,Anual
2225,2/21/2022,Full Day,3/7/2022 19:00,Personnal,Anual
2346,1/3/2022,Full Day,3/7/2022 19:00,Medical Leave,Anual
2346,1/4/2022,Full Day,3/7/2022 19:00,Medical Leave,Anual
2346,1/5/2022,Full Day,3/7/2022 19:00,Medical Leave,Anual
2346,1/6/2022,Full Day,3/7/2022 19:00,Medical Leave,Anual
1657,1/24/2022,Full Day,3/7/2022 19:00,personal,Anual
1657,1/25/2022,Full Day,3/7/2022 19:00,personal,Anual
1657,1/26/2022,Full Day,3/7/2022 19:00,personal,Anual
1657,1/27/2022,Full Day,3/7/2022 19:00,personal,Anual
1657,1/28/2022,Full Day,3/7/2022 19:00,personal,Anual
1657,1/29/2022,Half Day,3/7/2022 19:00,personal,Anual
1657,1/31/2022,Full Day,3/7/2022 19:00,personal,Anual
1212,2/24/2022,Half Day,3/7/2022 19:00,PERSONAL,Anual
556,3/3/2022,Full Day,3/7/2022 19:00,personal,Anual
1308,2/7/2022,Full Day,3/9/2022 9:06,Personal,Anual
1308,2/8/2022,Full Day,3/9/2022 9:06,Personal,Anual
1308,2/9/2022,Full Day,3/9/2022 9:06,Personal,Anual
1308,2/10/2022,Full Day,3/9/2022 9:06,Personal,Anual
2107,3/4/2022,Full Day,3/10/2022 15:35,Personal,Anual
1212,3/5/2022,Half Day,3/11/2022 14:40,PERSONAL,Anual
373,2/17/2022,Full Day,3/14/2022 1:47,,Anual
373,2/18/2022,Full Day,3/14/2022 1:47,,Anual
373,2/19/2022,Half Day,3/14/2022 1:47,,Anual
1399,2/11/2022,Full Day,3/14/2022 1:47,,Anual
1399,2/12/2022,Half Day,3/14/2022 1:47,,Anual
1399,2/14/2022,Full Day,3/14/2022 1:47,,Anual
2377,2/5/2022,Half Day,3/15/2022 14:10,Fever and diarrhoea,Anual
517,2/5/2022,Half Day,3/15/2022 14:10,Personal,Anual
517,3/5/2022,Half Day,3/15/2022 14:10,Personal,Anual
517,3/7/2022,Full Day,3/15/2022 14:10,Personal,Anual
517,3/19/2022,Half Day,3/21/2022 11:10,Personal,Anual
2107,3/19/2022,Half Day,3/24/2022 17:10,Personal,Anual
2225,3/12/2022,Half Day,3/29/2022 12:05,Personal,Anual
2225,3/19/2022,Half Day,3/29/2022 12:05,Personal,Anual
2225,3/26/2022,Half Day,3/29/2022 12:05,Personal,Anual
2225,3/10/2022,Full Day,3/29/2022 12:05,Personal,Anual
2225,3/23/2022,Full Day,3/29/2022 12:05,Medical for  VISA,Anual
2225,3/25/2022,Full Day,3/29/2022 12:05,Personal,Anual
2225,3/30/2022,Full Day,3/29/2022 12:05,COurt Case,Anual
425,3/1/2022,Full Day,3/30/2022 0:00,,Anual
425,3/2/2022,Full Day,3/30/2022 0:00,,Anual
425,3/3/2022,Full Day,3/30/2022 0:00,,Anual
425,3/4/2022,Full Day,3/30/2022 0:00,,Anual
425,3/5/2022,Half Day,3/30/2022 0:00,,Anual
425,3/7/2022,Full Day,3/30/2022 0:00,,Anual
425,3/8/2022,Full Day,3/30/2022 0:00,,Anual
425,3/9/2022,Full Day,3/30/2022 0:00,,Anual
425,3/10/2022,Full Day,3/30/2022 0:00,,Anual
425,3/11/2022,Full Day,3/30/2022 0:00,,Anual
425,3/12/2022,Half Day,3/30/2022 0:00,,Anual
2107,3/29/2022,Full Day,4/1/2022 16:25,Personal,Anual
2346,3/7/2022,Full Day,4/1/2022 16:25,Sick Leave,Anual
2107,3/5/2022,Half Day,4/1/2022 18:15,Personal,Anual
2346,3/5/2022,Half Day,4/1/2022 18:15,Sick Leave,Anual
517,3/30/2022,Full Day,4/2/2022 10:05,Personal,Anual
1212,3/2/2022,Full Day,4/4/2022 11:00,PERSONAL,Anual
2225,3/5/2022,Half Day,4/7/2022 16:25,attend classes,Anual
547,3/1/2022,Full Day,4/7/2022 16:25,Personal,Anual
547,3/2/2022,Full Day,4/7/2022 16:25,Personal,Anual
547,3/3/2022,Full Day,4/7/2022 16:25,Personal,Anual
547,3/4/2022,Full Day,4/7/2022 16:25,Personal,Anual
547,3/5/2022,Half Day,4/7/2022 16:25,Personal,Anual
547,3/24/2022,Full Day,4/7/2022 16:25,Personal,Anual
2377,4/6/2022,Full Day,4/19/2022 9:40,personal,Anual
2377,4/7/2022,Half Day,4/19/2022 9:40,personal,Anual
556,2/26/2022,Half Day,4/19/2022 16:15,Personal,Anual
556,4/9/2022,Half Day,4/19/2022 16:15,Personal,Anual
1212,4/15/2022,Full Day,4/21/2022 14:35,PERSONAL,Anual
1212,4/11/2022,Full Day,4/21/2022 14:35,PERSONAL,Anual
1212,4/12/2022,Full Day,4/21/2022 14:35,PERSONAL,Anual
597,4/11/2022,Full Day,4/25/2022 7:50,Personal,Anual
597,4/12/2022,Full Day,4/25/2022 7:50,Personal,Anual
597,4/15/2022,Full Day,4/25/2022 7:50,Personal,Anual
517,4/12/2022,Half Day,4/26/2022 14:30,Personal,Anual
517,4/21/2022,Half Day,4/26/2022 14:30,Personal,Anual
2107,4/11/2022,Full Day,4/26/2022 15:45,Personal,Anual
2107,4/12/2022,Full Day,4/26/2022 15:45,Personal,Anual
2107,4/23/2022,Half Day,4/26/2022 15:45,Personal,Anual
556,4/19/2022,Full Day,4/26/2022 16:05,Personal,Anual
556,4/20/2022,Full Day,4/26/2022 16:05,Personal,Anual
556,4/23/2022,Half Day,4/26/2022 16:05,Personal,Anual
556,4/25/2022,Full Day,4/26/2022 16:05,Personal,Anual
556,4/15/2022,Full Day,4/26/2022 16:05,New Year leave,Anual
423,4/18/2022,Full Day,4/28/2022 0:00,,Anual
423,4/19/2022,Full Day,4/28/2022 0:00,,Anual
373,4/11/2022,Full Day,4/28/2022 0:00,,Anual
373,4/12/2022,Full Day,4/28/2022 0:00,,Anual
373,4/15/2022,Full Day,4/28/2022 0:00,,Anual
373,4/18/2022,Full Day,4/28/2022 0:00,,Anual
373,4/19/2022,Full Day,4/28/2022 0:00,,Anual
373,4/20/2022,Full Day,4/28/2022 0:00,,Anual
373,4/21/2022,Full Day,4/28/2022 0:00,,Anual
421,4/11/2022,Full Day,4/28/2022 0:00,,Anual
421,4/12/2022,Full Day,4/28/2022 0:00,,Anual
421,4/15/2022,Full Day,4/28/2022 0:00,,Anual
421,4/18/2022,Full Day,4/28/2022 0:00,,Anual
421,4/19/2022,Full Day,4/28/2022 0:00,,Anual
1399,4/11/2022,Full Day,4/28/2022 0:00,,Anual
1399,4/12/2022,Full Day,4/28/2022 0:00,,Anual
1399,4/15/2022,Full Day,4/28/2022 0:00,,Anual
1399,4/18/2022,Full Day,4/28/2022 0:00,,Anual
1399,4/19/2022,Full Day,4/28/2022 0:00,,Anual
2107,5/5/2022,Full Day,5/4/2022 10:05,Personal,Anual
2107,5/6/2022,Full Day,5/4/2022 10:05,Personal,Anual
2107,4/2/2022,Half Day,5/4/2022 10:05,personal,Anual
2377,4/18/2022,Half Day,5/4/2022 14:30,personal,Anual
2377,4/21/2022,Half Day,5/4/2022 14:30,personal,Anual
556,4/30/2022,Half Day,5/4/2022 17:00,Personal,Anual
556,4/6/2022,Half Day,5/4/2022 17:00,Personal,Anual
423,4/15/2022,Full Day,5/6/2022 0:00,,Anual
423,4/20/2022,Full Day,5/6/2022 0:00,,Anual
517,4/15/2022,Full Day,5/7/2022 12:05,Personal,Anual
664,5/5/2022,Full Day,5/7/2022 12:10,For personal matter,Anual
664,5/6/2022,Full Day,5/7/2022 12:10,For personal matter,Anual
517,5/6/2022,Full Day,5/7/2022 12:10,Personal,Anual
2377,4/15/2022,Full Day,5/9/2022 12:45,Company requirement,Anual
547,4/1/2022,Full Day,5/19/2022 8:30,Personel,Anual
547,4/8/2022,Full Day,5/19/2022 8:30,Personal,Anual
547,4/15/2022,Full Day,5/19/2022 8:30,Personal,Anual
547,4/18/2022,Full Day,5/19/2022 8:30,Personal,Anual
547,4/19/2022,Full Day,5/19/2022 8:30,Personal,Anual
547,4/20/2022,Full Day,5/19/2022 8:30,Personal,Anual
517,4/26/2022,Full Day,5/25/2022 14:45,Personal,Anual
664,5/17/2022,Full Day,5/25/2022 14:45,Transport issue due to Fuel sh,Anual
517,5/7/2022,Half Day,5/25/2022 14:45,Personal,Anual
2210,5/21/2022,Half Day,6/2/2022 9:00,Personal,Anual
2210,5/6/2022,Full Day,6/2/2022 9:00,Personal,Anual
517,5/31/2022,Full Day,6/2/2022 9:00,Personal,Anual
2210,5/28/2022,Half Day,6/3/2022 16:55,Personal,Anual
1381,5/25/2022,Full Day,6/3/2022 17:00,Personal,Anual
2531,5/26/2022,Full Day,6/3/2022 17:00,personel matter,Anual
551,5/12/2022,Full Day,6/7/2022 14:05,Curfew & Transport Issue,Anual
551,5/14/2022,Half Day,6/7/2022 14:05,Transport Issue,Anual
440,5/28/2022,Half Day,6/8/2022 15:35,Personal,Anual
440,5/30/2022,Full Day,6/8/2022 15:35,Personal,Anual
547,5/21/2022,Half Day,6/8/2022 15:35,personal,Anual
597,5/12/2022,Full Day,6/8/2022 15:35,Curfew Leave,Anual
547,5/12/2022,Full Day,6/8/2022 15:35,Personal,Anual
547,5/13/2022,Full Day,6/8/2022 15:35,Personal,Anual
347,5/12/2022,Full Day,6/13/2022 10:30,,Anual
347,5/13/2022,Full Day,6/13/2022 10:30,,Anual
347,5/14/2022,Half Day,6/13/2022 10:30,,Anual
373,5/28/2022,Half Day,6/13/2022 10:30,,Anual
373,5/30/2022,Full Day,6/13/2022 10:30,,Anual
373,5/31/2022,Full Day,6/13/2022 10:30,,Anual
423,5/17/2022,Full Day,6/13/2022 10:30,,Anual
1212,5/9/2022,Full Day,6/13/2022 10:31,,Anual
1381,5/6/2022,Half Day,6/13/2022 10:31,,Anual
1381,5/31/2022,Half Day,6/13/2022 10:31,,Anual
1657,5/6/2022,Full Day,6/13/2022 10:31,,Anual
2377,5/21/2022,Half Day,6/13/2022 10:31,,Anual
2377,5/31/2022,Full Day,6/13/2022 10:31,,Anual
664,6/6/2022,Full Day,6/13/2022 15:30,Sickness- Virus Fever,Anual
664,6/7/2022,Full Day,6/13/2022 15:30,Sickness- Virus Fever,Anual
1306,6/2/2022,Full Day,6/17/2022 17:00,Sick Leave,Anual
1306,6/3/2022,Full Day,6/17/2022 17:00,Sick Leave,Anual
1306,6/4/2022,Half Day,6/17/2022 17:00,Sick Leave,Anual
1306,6/6/2022,Full Day,6/17/2022 17:00,Sick Leave,Anual
1306,6/7/2022,Full Day,6/17/2022 17:00,Sick Leave,Anual
1306,6/8/2022,Full Day,6/17/2022 17:00,Personal,Anual
1306,6/9/2022,Full Day,6/17/2022 17:00,Personal,Anual
1306,6/10/2022,Full Day,6/17/2022 17:00,Personal,Anual
1306,6/11/2022,Half Day,6/17/2022 17:00,Personal,Anual
1212,6/6/2022,Full Day,6/17/2022 17:00,SUFFERING FROM FEVER,Anual
1212,6/7/2022,Full Day,6/17/2022 17:00,SUFFERING FROM FEVER,Anual
1212,6/18/2022,Half Day,6/17/2022 17:00,DUE TO AN ALMS GIVING,Anual
423,6/13/2022,Full Day,6/20/2022 0:00,,Anual
423,6/15/2022,Full Day,6/20/2022 0:00,,Anual
423,6/16/2022,Full Day,6/20/2022 0:00,,Anual
421,6/13/2022,Full Day,6/20/2022 0:00,,Anual
421,6/15/2022,Half Day,6/20/2022 0:00,,Anual
551,6/9/2022,Full Day,6/29/2022 23:35,Personal,Anual
551,6/13/2022,Full Day,6/29/2022 23:35,personal,Anual
551,6/27/2022,Full Day,6/29/2022 23:35,Personal,Anual
551,6/29/2022,Full Day,6/29/2022 23:35,Personal,Anual
1399,6/18/2022,Half Day,6/30/2022 0:00,,Anual
1399,6/20/2022,Full Day,6/30/2022 0:00,,Anual
1399,6/21/2022,Full Day,6/30/2022 0:00,,Anual
1399,6/22/2022,Full Day,6/30/2022 0:00,,Anual
1399,6/23/2022,Full Day,6/30/2022 0:00,,Anual
664,6/13/2022,Full Day,7/1/2022 10:20,For personal Matter,Anual
664,6/27/2022,Full Day,7/1/2022 10:20,For a personal matter,Anual
551,7/4/2022,Full Day,7/1/2022 15:20,Personal,Anual
597,6/13/2022,Full Day,7/5/2022 12:35,Personal,Anual
547,6/15/2022,Half Day,7/5/2022 12:35,Personal,Anual
547,6/24/2022,Half Day,7/5/2022 12:35,Personal,Anual
597,6/28/2022,Half Day,7/5/2022 12:35,Personal,Anual
547,6/1/2022,Half Day,7/5/2022 12:35,Personal,Anual
516,7/7/2022,Full Day,7/8/2022 12:55,Funeral,Anual
547,6/7/2022,Full Day,7/8/2022 12:55,Personal,Anual
597,7/4/2022,Full Day,7/11/2022 8:45,Personal,Anual
597,7/8/2022,Half Day,7/11/2022 8:45,Go to meet doctor,Anual
551,7/5/2022,Full Day,7/12/2022 13:10,Personal,Anual
551,7/6/2022,Full Day,7/12/2022 13:10,Personal,Anual
551,7/7/2022,Full Day,7/12/2022 13:10,Personal,Anual
551,7/8/2022,Full Day,7/12/2022 13:10,Personal,Anual
551,7/11/2022,Full Day,7/12/2022 13:10,Personal,Anual
517,7/4/2022,Full Day,7/19/2022 13:05,personal,Anual
664,7/20/2022,Full Day,7/19/2022 13:05,For Personal Matter,Anual
347,7/6/2022,Full Day,7/21/2022 11:10,,Anual
347,7/7/2022,Full Day,7/21/2022 11:10,,Anual
421,7/4/2022,Full Day,7/21/2022 11:10,,Anual
421,7/5/2022,Full Day,7/21/2022 11:10,,Anual
421,7/6/2022,Full Day,7/21/2022 11:10,,Anual
421,7/7/2022,Full Day,7/21/2022 11:10,,Anual
347,7/25/2022,Full Day,7/25/2022 0:00,,Anual
1399,7/25/2022,Full Day,7/29/2022 0:00,,Anual
1399,7/26/2022,Full Day,7/29/2022 0:00,,Anual
373,7/25/2022,Half Day,7/29/2022 0:00,,Anual
373,7/26/2022,Full Day,7/29/2022 0:00,,Anual
373,7/27/2022,Full Day,7/29/2022 0:00,,Anual
547,7/27/2022,Full Day,8/3/2022 7:55,Personal,Anual
440,8/2/2022,Half Day,8/3/2022 7:55,Personal,Anual
2504,7/11/2022,Full Day,8/3/2022 8:00,no transport available,Anual
2504,7/12/2022,Full Day,8/3/2022 8:00,personals,Anual
2504,7/14/2022,Full Day,8/3/2022 8:00,no transport available,Anual
440,7/12/2022,Full Day,8/3/2022 8:00,Sick,Anual
551,8/5/2022,Full Day,8/5/2022 9:20,Personal,Anual
1306,7/11/2022,Full Day,8/5/2022 16:05,Personal,Anual
551,7/12/2022,Full Day,8/9/2022 8:35,Personal,Anual
551,7/14/2022,Full Day,8/9/2022 8:35,Personal,Anual
348,7/16/2022,Half Day,8/9/2022 11:15,,Anual
348,7/23/2022,Half Day,8/9/2022 11:15,,Anual
423,7/1/2022,Half Day,8/9/2022 11:15,,Anual
423,7/2/2022,Half Day,8/9/2022 11:15,,Anual
423,7/15/2022,Half Day,8/9/2022 11:15,,Anual
423,7/16/2022,Half Day,8/9/2022 11:15,,Anual
423,7/18/2022,Full Day,8/9/2022 11:15,,Anual
423,7/19/2022,Full Day,8/9/2022 11:15,,Anual
423,7/20/2022,Full Day,8/9/2022 11:15,,Anual
664,7/5/2022,Full Day,8/9/2022 16:10,For Sickness,Anual
517,8/8/2022,Half Day,8/12/2022 14:45,Halfday-( 10:00 - 14:00),Anual
517,8/12/2022,Half Day,8/12/2022 14:45,Personal,Anual
557,8/22/2022,Full Day,8/19/2022 17:40,personal,Anual
557,8/23/2022,Full Day,8/19/2022 17:40,personal,Anual
557,8/24/2022,Full Day,8/19/2022 17:40,personal,Anual
557,8/25/2022,Full Day,8/19/2022 17:40,personal,Anual
557,8/26/2022,Full Day,8/19/2022 17:40,personal,Anual
517,8/15/2022,Full Day,8/24/2022 16:05,Personal,Anual
517,8/19/2022,Half Day,8/24/2022 16:05,Personal,Anual
2572,8/27/2022,Half Day,8/26/2022 14:55,Personal,Anual
1306,8/27/2022,Half Day,8/30/2022 11:05,Personal,Anual
348,8/13/2022,Half Day,8/31/2022 8:56,,Anual
348,8/18/2022,Half Day,8/31/2022 8:56,,Anual
348,8/20/2022,Half Day,8/31/2022 8:56,,Anual
421,8/20/2022,Half Day,8/31/2022 8:56,,Anual
421,8/22/2022,Full Day,8/31/2022 8:56,,Anual
421,8/23/2022,Full Day,8/31/2022 8:56,,Anual
421,8/24/2022,Full Day,8/31/2022 8:56,,Anual
421,8/26/2022,Full Day,8/31/2022 8:56,,Anual
423,8/12/2022,Full Day,8/31/2022 8:56,,Anual
423,8/13/2022,Half Day,8/31/2022 8:56,,Anual
1388,8/24/2022,Full Day,8/31/2022 8:56,,Anual
1388,8/25/2022,Full Day,8/31/2022 8:56,,Anual
2572,9/15/2022,Full Day,8/31/2022 16:50,for my wedding,Anual
2572,9/16/2022,Full Day,8/31/2022 16:50,for my wedding,Anual
2572,9/17/2022,Half Day,8/31/2022 16:50,for my wedding,Anual
2572,9/19/2022,Full Day,8/31/2022 16:55,For my wedding,Anual
2572,9/20/2022,Full Day,8/31/2022 16:55,For my wedding,Anual
2572,9/21/2022,Full Day,8/31/2022 16:55,For my wedding,Anual
2604,8/23/2022,Full Day,9/3/2022 12:45,Personal,Anual
597,8/24/2022,Full Day,9/5/2022 16:25,Personal,Anual
547,8/25/2022,Full Day,9/5/2022 16:25,Personal,Anual
440,8/26/2022,Half Day,9/5/2022 16:25,Personal,Anual
597,8/3/2022,Half Day,9/5/2022 16:25,Personal,Anual
597,8/22/2022,Full Day,9/5/2022 16:35,Personal,Anual
597,8/23/2022,Full Day,9/5/2022 16:35,Personal,Anual
517,9/3/2022,Half Day,9/9/2022 9:40,Personal,Anual
516,8/25/2022,Full Day,9/21/2022 10:35,Personal,Anual
516,8/26/2022,Full Day,9/21/2022 10:35,Personal,Anual
516,8/27/2022,Full Day,9/21/2022 10:35,Personal,Anual
516,8/28/2022,Full Day,9/21/2022 10:35,Personal,Anual
516,8/29/2022,Full Day,9/21/2022 10:35,Personal,Anual
516,8/30/2022,Full Day,9/21/2022 10:35,Personal,Anual
547,9/9/2022,Half Day,9/21/2022 10:35,Personal,Anual
517,9/17/2022,Half Day,10/3/2022 14:50,Personal,Anual
517,9/24/2022,Half Day,10/3/2022 14:50,Personal,Anual
1308,9/27/2022,Full Day,10/3/2022 17:15,Personal,Anual
1308,10/1/2022,Half Day,10/3/2022 17:25,Personal,Anual
2572,10/8/2022,Half Day,10/6/2022 9:15,Personal,Anual
1212,10/1/2022,Half Day,10/7/2022 14:55,PERSONAL,Anual
597,9/8/2022,Full Day,10/10/2022 11:00,Personal,Anual
440,10/8/2022,Half Day,10/10/2022 11:00,Personal,Anual
664,10/5/2022,Full Day,10/10/2022 16:30,For Personal matter,Anual
664,10/6/2022,Full Day,10/10/2022 16:30,For a personal matter.,Anual
2572,10/22/2022,Half Day,10/24/2022 9:55,personal,Anual
1212,10/27/2022,Full Day,10/28/2022 14:15,PERSONAL,Anual
517,10/15/2022,Half Day,10/28/2022 15:50,Personal,Anual
517,10/8/2022,Half Day,10/28/2022 15:50,Personal,Anual
664,10/15/2022,Half Day,10/28/2022 15:50,For personal Matter,Anual
664,10/17/2022,Full Day,10/28/2022 15:50,For personal Matter,Anual
517,10/28/2022,Half Day,10/28/2022 15:50,Personal,Anual
551,10/1/2022,Half Day,11/1/2022 16:40,Personal,Anual
551,10/15/2022,Half Day,11/1/2022 16:40,Personal,Anual
551,9/27/2022,Full Day,11/1/2022 16:40,Personal,Anual
347,10/24/2022,Full Day,11/3/2022 10:53,,Anual
1388,10/8/2022,Half Day,11/3/2022 10:53,,Anual
1388,10/13/2022,Full Day,11/3/2022 10:53,,Anual
517,10/22/2022,Half Day,11/3/2022 11:40,Personal,Anual
1388,11/1/2022,Full Day,11/4/2022 0:00,,Anual
1388,11/2/2022,Full Day,11/4/2022 0:00,,Anual
1388,11/3/2022,Full Day,11/4/2022 0:00,,Anual
2572,11/5/2022,Half Day,11/11/2022 6:45,Personal,Anual
393,10/6/2022,Full Day,11/11/2022 12:30,Suffering from back pain,Anual
393,10/7/2022,Full Day,11/11/2022 12:30,Suffering from back pain,Anual
393,10/8/2022,Full Day,11/11/2022 12:30,Suffering from back pain,Anual
393,10/9/2022,Full Day,11/11/2022 12:30,Suffering from back pain,Anual
393,10/10/2022,Full Day,11/11/2022 12:30,Suffering from back pain,Anual
393,10/11/2022,Full Day,11/11/2022 12:30,Suffering from back pain,Anual
1212,11/5/2022,Half Day,11/11/2022 12:30,PERSONAL,Anual
1212,11/4/2022,Full Day,11/11/2022 12:30,PERSONAL,Anual
547,9/29/2022,Full Day,11/14/2022 13:10,Personel,Anual
547,9/30/2022,Full Day,11/14/2022 13:10,Personel,Anual
547,10/1/2022,Half Day,11/14/2022 13:10,Personal,Anual
440,10/19/2022,Full Day,11/14/2022 13:10,Funeral,Anual
2384,10/29/2022,Half Day,11/14/2022 13:10,Personal,Anual
547,10/20/2022,Full Day,11/14/2022 13:10,Personal,Anual
1964,10/5/2022,Full Day,11/14/2022 13:10,went to chilaw,Anual
551,11/5/2022,Half Day,11/16/2022 12:20,Personal,Anual
2572,11/28/2022,Full Day,12/1/2022 11:00,Personal,Anual
1308,10/29/2022,Full Day,12/6/2022 12:40,personal,Anual
440,11/8/2022,Full Day,12/8/2022 18:20,Personal,Anual
597,11/8/2022,Full Day,12/8/2022 18:20,Personal,Anual
440,11/12/2022,Half Day,12/8/2022 18:20,Sick,Anual
440,12/2/2022,Half Day,12/8/2022 18:20,Personal,Anual
440,12/3/2022,Half Day,12/8/2022 18:20,Personal,Anual
545,12/3/2022,Half Day,12/8/2022 18:20,Personal,Anual
2572,12/23/2022,Full Day,12/24/2022 11:40,Personal,Anual
347,12/17/2022,Half Day,12/26/2022 0:00,,Anual
1212,12/21/2022,Full Day,12/26/2022 17:15,PERSONAL,Anual
2572,12/28/2022,Half Day,12/27/2022 23:10,Personal,Anual
347,12/8/2022,Full Day,12/28/2022 0:00,,Anual
2572,1/7/2023,Half Day,1/9/2023 12:10,Personal,Anual
1212,1/13/2023,Full Day,1/11/2023 9:35,PERSONAL,Anual
1212,1/14/2023,Half Day,1/11/2023 9:35,PERSONAL,Anual
1399,12/28/2022,Half Day,1/12/2023 0:00,Personal,Anual
1399,12/29/2022,Full Day,1/12/2023 0:00,Personal,Anual
1399,12/30/2022,Full Day,1/12/2023 0:00,Personal,Anual
1399,12/31/2022,Half Day,1/12/2023 0:00,Personal,Anual
347,12/17/2022,Half Day,1/12/2023 0:00,Personal,Anual
347,12/29/2022,Full Day,1/12/2023 0:00,Personal,Anual
347,12/31/2022,Half Day,1/12/2023 0:00,Personal,Anual
2572,1/12/2023,Full Day,1/16/2023 15:05,Personal,Anual
2572,1/17/2023,Full Day,1/16/2023 15:05,Personal,Anual
2384,12/6/2022,Full Day,1/17/2023 12:35,Daughter's Convocation,Anual
2384,12/10/2022,Full Day,1/17/2023 12:35,Wedding,Anual
2384,12/16/2022,Full Day,1/17/2023 12:35,Mother's Arms giving,Anual
2384,12/17/2022,Full Day,1/17/2023 12:35,Mother's Arms giving,Anual
597,12/17/2022,Half Day,1/17/2023 12:35,Personal,Anual
440,12/27/2022,Full Day,1/17/2023 12:35,Personal,Anual
516,12/31/2022,Half Day,1/17/2023 12:35,Personal,Anual
2384,12/29/2022,Full Day,1/17/2023 12:35,Personal,Anual
2384,1/17/2023,Full Day,1/17/2023 12:35,Personal,Anual
2384,1/18/2023,Full Day,1/17/2023 12:35,Personal,Anual
597,12/31/2022,Half Day,1/17/2023 12:35,Personal,Anual
440,12/31/2022,Half Day,1/17/2023 12:35,Personal,Anual
1388,12/19/2022,Full Day,1/17/2023 12:35,Personal,Anual
1388,12/20/2022,Full Day,1/17/2023 12:35,Personal,Anual
1388,12/21/2022,Full Day,1/17/2023 12:35,Personal,Anual
1388,12/22/2022,Full Day,1/17/2023 12:35,Personal,Anual
1388,12/24/2022,Half Day,1/17/2023 12:35,Personal,Anual
440,12/17/2022,Half Day,1/17/2023 17:35,Personal,Anual
1657,12/31/2022,Half Day,1/19/2023 14:10,personal,Anual
1657,1/12/2023,Full Day,1/19/2023 15:10,Headache & Faintness,Anual
1657,1/18/2023,Full Day,1/19/2023 15:10,Personal,Anual
664,12/21/2022,Full Day,1/25/2023 9:25,For Personal Matter,Anual
664,12/22/2022,Full Day,1/25/2023 9:25,For Personal Matter,Anual
664,12/23/2022,Full Day,1/25/2023 9:25,For Personal Matter,Anual
517,1/21/2023,Half Day,1/25/2023 9:25,Personal,Anual
2210,1/3/2023,Full Day,1/25/2023 9:25,Personnel,Anual
1212,1/20/2023,Full Day,1/30/2023 9:05,PERSONAL,Anual
1212,1/21/2023,Half Day,1/30/2023 9:05,PERSONAL,Anual
1657,1/23/2023,Full Day,1/31/2023 12:55,Personal Mater,Anual
1657,1/25/2023,Full Day,1/31/2023 12:55,Not Well,Anual
1657,1/26/2023,Full Day,1/31/2023 12:55,Not well,Anual
1657,1/27/2023,Full Day,1/31/2023 12:55,Not well,Anual
1657,1/28/2023,Half Day,1/31/2023 12:55,Not well,Anual
2572,1/18/2023,Full Day,2/3/2023 12:45,Personal,Anual
2572,1/24/2023,Full Day,2/3/2023 12:45,Personal,Anual
2572,1/27/2023,Full Day,2/3/2023 12:45,Personal,Anual
2737,1/4/2023,Full Day,2/3/2023 16:05,personal,Anual
2737,1/10/2023,Full Day,2/3/2023 16:05,Personal,Anual
347,1/10/2022,Full Day,2/15/2022 9:46,Personal,Casual
347,1/31/2022,Full Day,2/15/2022 9:46,Personal,Casual
351,1/15/2022,Half Day,2/15/2022 9:46,Personal,Casual
351,1/19/2022,Full Day,2/15/2022 9:46,Personal,Casual
351,1/20/2022,Half Day,2/15/2022 9:46,Personal,Casual
351,1/21/2022,Half Day,2/15/2022 9:46,Personal,Casual
351,1/22/2022,Half Day,2/15/2022 9:46,Personal,Casual
351,1/24/2022,Half Day,2/15/2022 9:46,Personal,Casual
351,1/26/2022,Full Day,2/15/2022 9:46,Personal,Casual
351,1/27/2022,Full Day,2/15/2022 9:46,Personal,Casual
351,1/29/2022,Half Day,2/15/2022 9:46,Personal,Casual
351,1/31/2022,Full Day,2/15/2022 9:46,Personal,Casual
356,1/26/2022,Half Day,2/15/2022 9:46,Personal,Casual
373,1/24/2022,Full Day,2/15/2022 9:46,Personal,Casual
373,1/25/2022,Full Day,2/15/2022 9:46,Personal,Casual
421,1/24/2022,Full Day,2/15/2022 9:46,Personal,Casual
421,1/25/2022,Full Day,2/15/2022 9:46,Personal,Casual
425,1/7/2022,Full Day,2/15/2022 9:46,Personal,Casual
1212,1/8/2022,Half Day,2/15/2022 9:46,Personal,Casual
1212,1/11/2022,Full Day,2/15/2022 9:46,Personal,Casual
1212,1/12/2022,Full Day,2/15/2022 9:46,Personal,Casual
1212,1/13/2022,Full Day,2/15/2022 9:46,Personal,Casual
1212,1/15/2022,Half Day,2/15/2022 9:46,Personal,Casual
1381,1/22/2022,Half Day,2/15/2022 9:46,Personal,Casual
1388,1/31/2022,Full Day,2/15/2022 9:46,Personal,Casual
1657,1/24/2022,Full Day,2/15/2022 9:46,Personal,Casual
1657,1/29/2022,Half Day,2/15/2022 9:46,Personal,Casual
1918,1/27/2022,Full Day,2/15/2022 9:46,Personal,Casual
1999,1/15/2022,Half Day,2/15/2022 9:46,Personal,Casual
1999,1/22/2022,Half Day,2/15/2022 9:46,Personal,Casual
1999,1/29/2022,Half Day,2/15/2022 9:46,Personal,Casual
2107,1/8/2022,Half Day,2/15/2022 9:46,Personal,Casual
2346,1/3/2022,Full Day,2/15/2022 9:46,Personal,Casual
2346,1/4/2022,Full Day,2/15/2022 9:46,Personal,Casual
2346,1/5/2022,Full Day,2/15/2022 9:46,Personal,Casual
2346,1/6/2022,Full Day,2/15/2022 9:46,Personal,Casual
2346,1/15/2022,Half Day,2/15/2022 9:46,Personal,Casual
2377,1/28/2022,Full Day,2/15/2022 9:46,Duty Leave,Casual
423,1/1/2022,Half Day,2/18/2022 0:00,Personal,Casual
423,1/15/2022,Half Day,2/18/2022 0:00,Personal,Casual
550,1/4/2022,Full Day,2/18/2022 0:00,Personal,Casual
550,1/10/2022,Full Day,2/18/2022 0:00,Personal,Casual
1388,1/15/2022,Half Day,2/18/2022 0:00,Personal,Casual
580,8/4/2021,Half Day,3/7/2022 18:46,Birthday - Muruthen Poojawa.,Casual
580,10/18/2021,Full Day,3/7/2022 18:46,Arms Giving,Casual
580,1/10/2022,Half Day,3/7/2022 18:46,3 months's Bana,Casual
580,1/11/2022,Full Day,3/7/2022 18:46,3 Month's Arms Giving,Casual
580,2/15/2022,Full Day,3/7/2022 18:46,Dad's Arms Giving,Casual
516,7/7/2021,Half Day,3/7/2022 18:58,Covid vaccine 2nd dose,Casual
440,7/15/2021,Full Day,3/7/2022 18:58,For Covid 19 Vaccination,Casual
557,7/15/2021,Full Day,3/7/2022 18:58,Personal,Casual
551,7/21/2021,Full Day,3/7/2022 18:58,Personal,Casual
1918,7/24/2021,Half Day,3/7/2022 18:58,Personal,Casual
1715,7/28/2021,Full Day,3/7/2022 18:58,Personal,Casual
556,8/6/2021,Full Day,3/7/2022 18:58,Personal,Casual
557,7/31/2021,Half Day,3/7/2022 18:58,Personal,Casual
440,8/2/2021,Full Day,3/7/2022 18:58,Personal,Casual
1432,7/31/2021,Half Day,3/7/2022 18:58,Personal,Casual
1325,8/5/2021,Full Day,3/7/2022 18:58,personal,Casual
440,8/9/2021,Full Day,3/7/2022 18:58,Sick,Casual
516,8/13/2021,Half Day,3/7/2022 18:58,Personal,Casual
517,8/12/2021,Full Day,3/7/2022 18:58,Sick,Casual
557,9/4/2021,Half Day,3/7/2022 18:58,PERSONAL,Casual
545,9/22/2021,Full Day,3/7/2022 18:58,Personal,Casual
545,9/23/2021,Full Day,3/7/2022 18:58,Due to father's ankle surgery,Casual
517,10/7/2021,Full Day,3/7/2022 18:58,Vaccine 2nd Doze,Casual
1918,10/18/2021,Full Day,3/7/2022 18:59,Personal,Casual
1381,10/23/2021,Half Day,3/7/2022 18:59,Personal,Casual
545,10/25/2021,Full Day,3/7/2022 18:59,Personal,Casual
2163,11/19/2021,Full Day,3/7/2022 18:59,PERSONAL,Casual
556,11/12/2021,Full Day,3/7/2022 18:59,Personal,Casual
1918,11/15/2021,Full Day,3/7/2022 18:59,Personal,Casual
545,11/15/2021,Full Day,3/7/2022 18:59,Personal,Casual
545,11/17/2021,Full Day,3/7/2022 18:59,Personal,Casual
545,11/19/2021,Full Day,3/7/2022 18:59,Personal,Casual
551,11/27/2021,Half Day,3/7/2022 18:59,Personal,Casual
2163,12/11/2021,Half Day,3/7/2022 18:59,PERSONAL,Casual
1381,12/9/2021,Full Day,3/7/2022 18:59,Personal,Casual
516,12/17/2021,Full Day,3/7/2022 18:59,Personal,Casual
1918,12/20/2021,Full Day,3/7/2022 18:59,Personal,Casual
2210,12/22/2021,Full Day,3/7/2022 18:59,Final Viva Exam,Casual
557,11/29/2021,Half Day,3/7/2022 18:59,Personal,Casual
557,11/30/2021,Full Day,3/7/2022 18:59,Personal,Casual
2377,1/6/2022,Half Day,3/7/2022 18:59,Personal,Casual
1961,1/7/2022,Full Day,3/7/2022 18:59,To attend IESL Examination P1,Casual
1961,1/13/2022,Full Day,3/7/2022 18:59,To attend IESL Examination P2,Casual
1306,1/15/2022,Half Day,3/7/2022 18:59,Personal,Casual
2107,1/7/2022,Full Day,3/7/2022 18:59,Personal,Casual
2107,1/15/2022,Half Day,3/7/2022 18:59,Personal,Casual
2163,1/8/2022,Half Day,3/7/2022 18:59,TO GET THE BOOSTER VACCINE,Casual
516,1/15/2022,Full Day,3/7/2022 18:59,Personal,Casual
1657,1/15/2022,Half Day,3/7/2022 18:59,pursonal mator,Casual
2036,1/15/2022,Half Day,3/7/2022 18:59,Personal,Casual
664,1/8/2022,Half Day,3/7/2022 18:59,For Taking COVID Vaccine (3rd),Casual
2225,1/20/2022,Full Day,3/7/2022 18:59,Personal (Wedding),Casual
1918,1/15/2022,Half Day,3/7/2022 19:00,Personal,Casual
2163,1/15/2022,Half Day,3/7/2022 19:00,PERSONAL,Casual
1961,1/15/2022,Half Day,3/7/2022 19:00,Personal,Casual
2210,1/15/2022,Half Day,3/7/2022 19:00,Personal,Casual
664,1/12/2022,Half Day,3/7/2022 19:00,For a Personal Matter,Casual
664,1/13/2022,Full Day,3/7/2022 19:00,For a personal matter,Casual
664,1/15/2022,Half Day,3/7/2022 19:00,For a personal matter,Casual
2377,1/15/2022,Half Day,3/7/2022 19:00,personal,Casual
597,1/15/2022,Half Day,3/7/2022 19:00,Personal,Casual
551,1/15/2022,Half Day,3/7/2022 19:00,Personal,Casual
1381,1/15/2022,Half Day,3/7/2022 19:00,Personal,Casual
1308,1/15/2022,Half Day,3/7/2022 19:00,Personal,Casual
664,1/18/2022,Full Day,3/7/2022 19:00,due to a Sickness,Casual
2377,1/21/2022,Half Day,3/7/2022 19:00,Personal,Casual
2036,1/22/2022,Half Day,3/7/2022 19:00,Personal,Casual
2163,1/29/2022,Half Day,3/7/2022 19:00,PERSONAL,Casual
1308,1/29/2022,Half Day,3/7/2022 19:00,Personal,Casual
517,1/21/2022,Full Day,3/7/2022 19:00,For personal matter,Casual
517,1/28/2022,Full Day,3/7/2022 19:00,For personal matter,Casual
517,1/29/2022,Half Day,3/7/2022 19:00,For personal matter,Casual
1961,2/5/2022,Half Day,3/7/2022 19:00,Personal work at Home town,Casual
1961,2/7/2022,Full Day,3/7/2022 19:00,Personal work at Home town,Casual
517,2/1/2022,Half Day,3/7/2022 19:00,To get the vaccine,Casual
2210,2/5/2022,Half Day,3/7/2022 19:00,Personal,Casual
1381,2/2/2022,Half Day,3/7/2022 19:00,Personal,Casual
597,2/5/2022,Half Day,3/7/2022 19:00,Personal,Casual
556,2/14/2022,Full Day,3/7/2022 19:00,Personal,Casual
2107,2/11/2022,Full Day,3/7/2022 19:00,Personal,Casual
2225,2/12/2022,Half Day,3/7/2022 19:00,Attending lectures,Casual
2036,2/15/2022,Full Day,3/7/2022 19:00,Personal,Casual
597,2/10/2022,Full Day,3/7/2022 19:00,Personal,Casual
597,2/12/2022,Half Day,3/7/2022 19:00,Personal,Casual
440,2/15/2022,Full Day,3/7/2022 19:00,Personal,Casual
2346,1/7/2022,Full Day,3/7/2022 19:00,Medical Leave,Casual
2346,1/8/2022,Half Day,3/7/2022 19:00,Medical Leave,Casual
2346,1/10/2022,Full Day,3/7/2022 19:00,Medical Leave,Casual
2346,1/11/2022,Full Day,3/7/2022 19:00,Medical Leave,Casual
2346,1/12/2022,Full Day,3/7/2022 19:00,Medical Leave,Casual
2346,1/13/2022,Full Day,3/7/2022 19:00,Medical Leave,Casual
1306,2/14/2022,Full Day,3/7/2022 19:00,Personel,Casual
1657,1/18/2022,Full Day,3/7/2022 19:00,personal,Casual
1657,1/19/2022,Full Day,3/7/2022 19:00,personal,Casual
1657,1/20/2022,Full Day,3/7/2022 19:00,personal,Casual
1657,1/21/2022,Full Day,3/7/2022 19:00,personal,Casual
1657,1/22/2022,Half Day,3/7/2022 19:00,personal,Casual
1306,3/2/2022,Full Day,3/7/2022 19:00,Personal,Casual
516,3/4/2022,Full Day,3/7/2022 19:00,Personal,Casual
516,3/12/2022,Half Day,3/7/2022 19:00,Personal,Casual
1306,3/1/2022,Full Day,3/7/2022 19:00,Personal,Casual
1657,2/1/2022,Full Day,3/7/2022 19:00,Fewer,Casual
1657,2/2/2022,Full Day,3/7/2022 19:00,Fever,Casual
1657,2/3/2022,Full Day,3/7/2022 19:00,Fever,Casual
1657,2/5/2022,Half Day,3/7/2022 19:00,Fever,Casual
1657,2/7/2022,Full Day,3/7/2022 19:00,Fever,Casual
1657,2/8/2022,Full Day,3/7/2022 19:00,Fever,Casual
440,3/2/2022,Full Day,3/7/2022 19:00,Sick,Casual
2377,2/15/2022,Half Day,3/9/2022 9:06,Personal,Casual
2377,2/25/2022,Half Day,3/9/2022 9:06,Personal,Casual
2210,3/5/2022,Half Day,3/9/2022 9:06,Personal,Casual
2377,3/8/2022,Half Day,3/9/2022 9:06,personal,Casual
551,2/21/2022,Half Day,3/10/2022 15:35,Personal,Casual
597,2/11/2022,Full Day,3/11/2022 0:00,personal,Casual
425,2/26/2022,Half Day,3/11/2022 0:00,,Casual
425,2/28/2022,Full Day,3/11/2022 0:00,,Casual
421,2/21/2022,Full Day,3/11/2022 0:00,,Casual
423,2/26/2022,Half Day,3/12/2022 0:00,,Casual
423,2/28/2022,Full Day,3/12/2022 0:00,,Casual
1961,2/28/2022,Half Day,3/12/2022 13:55,Emergency,Casual
421,2/5/2022,Half Day,3/14/2022 1:47,,Casual
421,2/10/2022,Full Day,3/14/2022 1:47,,Casual
2458,2/5/2022,Half Day,3/15/2022 0:00,,Casual
2210,3/4/2022,Half Day,3/15/2022 14:10,Personal,Casual
1308,2/14/2022,Full Day,3/15/2022 16:35,reson,Casual
1308,2/15/2022,Full Day,3/15/2022 16:35,reson,Casual
1308,2/16/2022,Full Day,3/15/2022 16:35,reson,Casual
1308,2/17/2022,Full Day,3/15/2022 16:35,reson,Casual
1308,2/18/2022,Full Day,3/15/2022 16:35,reson,Casual
1308,2/19/2022,Full Day,3/15/2022 16:35,reson,Casual
1308,2/20/2022,Full Day,3/15/2022 16:35,reson,Casual
1308,2/21/2022,Full Day,3/15/2022 16:35,reson,Casual
2377,2/17/2022,Full Day,3/15/2022 16:35,Personal,Casual
440,2/26/2022,Half Day,3/15/2022 16:55,Sick,Casual
664,3/23/2022,Full Day,3/23/2022 10:10,For a personal matter,Casual
2377,3/19/2022,Half Day,3/23/2022 10:10,Personal,Casual
2377,3/21/2022,Half Day,3/23/2022 10:10,personal,Casual
1999,2/14/2022,Full Day,3/23/2022 16:30,Perssonal,Casual
551,3/2/2022,Full Day,3/23/2022 16:30,Transport Issue,Casual
1381,3/14/2022,Full Day,3/23/2022 16:30,Personal,Casual
1381,3/7/2022,Full Day,3/23/2022 16:30,Personal,Casual
1999,2/5/2022,Half Day,3/23/2022 17:05,Personal,Casual
1999,2/26/2022,Half Day,3/24/2022 17:10,personnal,Casual
1961,3/26/2022,Half Day,3/27/2022 21:45,Personal,Casual
347,3/26/2022,Half Day,3/28/2022 0:00,,Casual
423,3/7/2022,Full Day,3/28/2022 0:00,,Casual
1388,3/8/2022,Full Day,3/28/2022 0:00,,Casual
2458,3/19/2022,Half Day,3/28/2022 0:00,,Casual
347,3/9/2022,Full Day,3/28/2022 0:00,,Casual
1399,3/14/2022,Full Day,3/28/2022 0:00,,Casual
1399,3/15/2022,Full Day,3/28/2022 0:00,,Casual
597,3/1/2022,Half Day,3/29/2022 12:00,Personal,Casual
440,3/1/2022,Half Day,3/29/2022 12:00,Sick,Casual
440,1/10/2022,Full Day,3/29/2022 12:05,Sick,Casual
556,3/3/2022,Full Day,3/29/2022 12:05,Personal,Casual
556,3/4/2022,Full Day,3/29/2022 12:05,Personal,Casual
556,3/5/2022,Full Day,3/29/2022 12:05,Personal,Casual
597,3/2/2022,Full Day,3/29/2022 12:05,Personal,Casual
1306,3/21/2022,Full Day,3/30/2022 13:50,Personal,Casual
376,3/9/2022,Full Day,4/1/2022 0:00,,Casual
376,3/10/2022,Full Day,4/1/2022 0:00,,Casual
376,3/23/2022,Full Day,4/1/2022 0:00,,Casual
376,3/24/2022,Full Day,4/1/2022 0:00,,Casual
348,3/15/2022,Full Day,4/1/2022 0:00,,Casual
348,3/16/2022,Full Day,4/1/2022 0:00,,Casual
1999,3/19/2022,Half Day,4/1/2022 18:15,perssonal,Casual
664,3/30/2022,Half Day,4/2/2022 10:05,For a personal matter,Casual
2210,3/30/2022,Half Day,4/2/2022 10:05,Personal,Casual
550,3/22/2022,Full Day,4/2/2022 0:00,,Casual
421,3/12/2022,Half Day,4/2/2022 0:00,,Casual
2036,3/25/2022,Full Day,4/3/2022 13:55,Personal,Casual
2036,3/26/2022,Half Day,4/3/2022 14:05,Personal,Casual
1212,2/5/2022,Half Day,4/4/2022 11:00,PERSONAL,Casual
2210,4/1/2022,Full Day,4/4/2022 17:10,Personal,Casual
2210,4/2/2022,Half Day,4/4/2022 17:10,Personal,Casual
2377,3/31/2022,Full Day,4/7/2022 13:30,cough and fever,Casual
2377,3/9/2022,Half Day,4/7/2022 13:30,Personal,Casual
1388,3/26/2022,Half Day,4/7/2022 0:00,,Casual
2225,3/29/2022,Full Day,4/7/2022 16:25,Personal,Casual
1999,3/12/2022,Half Day,4/7/2022 17:35,PERSONAL,Casual
664,4/15/2022,Full Day,4/11/2022 15:25,For new year Festival,Casual
1306,4/15/2022,Full Day,4/12/2022 16:15,For NewYear,Casual
556,4/8/2022,Full Day,4/19/2022 16:15,Personal,Casual
2210,4/9/2022,Half Day,4/21/2022 9:05,Personal,Casual
2210,4/12/2022,Full Day,4/21/2022 9:05,Personal,Casual
440,4/15/2022,Full Day,4/25/2022 7:50,New Year,Casual
440,4/23/2022,Half Day,4/25/2022 7:50,Presonal,Casual
597,4/25/2022,Full Day,4/25/2022 7:50,Personal,Casual
2210,4/15/2022,Full Day,4/26/2022 14:30,Personal,Casual
664,4/23/2022,Half Day,4/26/2022 14:30,a Personal matter,Casual
551,3/5/2022,Half Day,4/26/2022 15:45,Personal,Casual
1999,4/15/2022,Full Day,4/26/2022 15:45,Personal,Casual
551,4/20/2022,Full Day,4/26/2022 15:45,Transport Issue,Casual
2107,4/28/2022,Full Day,4/26/2022 15:45,Personal,Casual
1999,4/23/2022,Half Day,4/26/2022 15:45,personals,Casual
551,4/25/2022,Full Day,4/26/2022 15:45,Personal,Casual
348,4/15/2022,Full Day,4/28/2022 0:00,,Casual
423,4/11/2022,Full Day,4/28/2022 0:00,,Casual
423,4/12/2022,Full Day,4/28/2022 0:00,,Casual
347,4/12/2022,Full Day,4/28/2022 0:00,,Casual
347,4/15/2022,Full Day,4/28/2022 0:00,,Casual
1388,4/15/2022,Full Day,4/28/2022 0:00,,Casual
347,4/7/2022,Full Day,4/28/2022 0:00,,Casual
425,4/6/2022,Full Day,4/28/2022 0:00,,Casual
2458,4/9/2022,Half Day,4/28/2022 0:00,,Casual
2458,4/15/2022,Full Day,4/28/2022 0:00,,Casual
2572,4/15/2022,Full Day,4/28/2022 0:00,,Casual
2527,4/15/2022,Full Day,4/28/2022 0:00,,Casual
2565,4/15/2022,Full Day,4/28/2022 0:00,,Casual
2371,4/15/2022,Full Day,4/28/2022 0:00,,Casual
2446,4/15/2022,Full Day,4/28/2022 0:00,,Casual
376,4/1/2022,Full Day,4/28/2022 0:00,,Casual
2504,4/15/2022,Full Day,4/28/2022 0:00,,Casual
2531,4/15/2022,Full Day,4/28/2022 0:00,,Casual
2536,4/15/2022,Full Day,4/28/2022 0:00,,Casual
1381,4/29/2022,Full Day,4/30/2022 0:30,Personal,Casual
2107,4/30/2022,Half Day,4/30/2022 0:30,Personal,Casual
1961,4/23/2022,Half Day,4/30/2022 9:55,Personal,Casual
1999,4/9/2022,Half Day,5/3/2022 13:50,Personnal,Casual
1999,4/5/2022,Full Day,5/3/2022 15:25,Personnal,Casual
1999,4/6/2022,Half Day,5/3/2022 15:25,Personal,Casual
425,4/15/2022,Full Day,5/3/2022 0:00,,Casual
2107,5/3/2022,Full Day,5/4/2022 10:05,Personal,Casual
2107,4/15/2022,Full Day,5/4/2022 10:10,Personal,Casual
1388,4/2/2022,Half Day,5/4/2022 0:00,,Casual
516,3/3/2022,Half Day,5/6/2022 11:00,pERSONAL,Casual
516,3/18/2022,Full Day,5/6/2022 11:00,personal,Casual
516,4/12/2022,Half Day,5/6/2022 11:05,Personal,Casual
516,4/15/2022,Full Day,5/6/2022 11:05,Personal,Casual
516,4/22/2022,Half Day,5/6/2022 11:05,Personal,Casual
2565,4/9/2022,Half Day,5/6/2022 0:00,,Casual
356,4/15/2022,Full Day,5/6/2022 0:00,,Casual
356,4/28/2022,Full Day,5/6/2022 0:00,,Casual
356,4/30/2022,Half Day,5/6/2022 0:00,,Casual
2036,4/11/2022,Full Day,5/6/2022 15:25,Site Shutdown for new year,Casual
2036,4/12/2022,Full Day,5/6/2022 15:25,Site Shutdown for new year,Casual
1961,5/3/2022,Full Day,5/7/2022 10:35,EID FESTIVAL,Casual
1961,4/15/2022,Full Day,5/7/2022 10:35,Office Closed.,Casual
556,5/5/2022,Half Day,5/13/2022 10:00,Personal,Casual
1961,5/19/2022,Half Day,5/18/2022 15:40,Personal work (1pm onwards),Casual
664,5/7/2022,Half Day,5/18/2022 16:20,For personal Matter,Casual
580,5/17/2022,Full Day,5/19/2022 8:30,.,Casual
597,5/4/2022,Half Day,5/19/2022 8:30,Personal,Casual
2036,5/19/2022,Half Day,5/19/2022 9:25,personal,Casual
2210,5/3/2022,Full Day,5/25/2022 14:45,Personal,Casual
2210,5/17/2022,Full Day,5/25/2022 14:45,Personal,Casual
1961,5/26/2022,Full Day,5/28/2022 11:10,Sick,Casual
2210,5/14/2022,Half Day,6/2/2022 9:00,Personal,Casual
664,6/2/2022,Full Day,6/2/2022 9:00,For a personal matter0,Casual
1381,5/14/2022,Half Day,6/3/2022 17:00,Personal,Casual
1381,5/17/2022,Full Day,6/3/2022 17:00,Personal,Casual
1381,5/19/2022,Half Day,6/3/2022 17:00,Personal,Casual
1999,5/28/2022,Full Day,6/3/2022 17:00,Perssonal,Casual
1381,5/7/2022,Half Day,6/3/2022 17:05,Personal,Casual
1381,5/9/2022,Full Day,6/3/2022 17:05,Personal,Casual
1381,5/12/2022,Half Day,6/3/2022 17:05,Personal,Casual
1381,5/13/2022,Half Day,6/3/2022 17:05,Personal,Casual
1306,5/21/2022,Half Day,6/6/2022 4:29,,Casual
1306,5/12/2022,Half Day,6/6/2022 20:15,Curfew,Casual
1306,5/13/2022,Half Day,6/6/2022 20:15,Curfew,Casual
551,5/13/2022,Full Day,6/7/2022 14:05,Curfew & Transport Issue,Casual
556,5/7/2022,Half Day,6/7/2022 14:15,personal,Casual
556,5/28/2022,Half Day,6/7/2022 14:15,Personal,Casual
517,5/13/2022,Full Day,6/8/2022 10:30,Curfew,Casual
664,6/4/2022,Half Day,6/8/2022 10:30,For sickness,Casual
712,6/10/2022,Full Day,6/8/2022 11:50,Personal,Casual
712,6/11/2022,Full Day,6/8/2022 11:50,Personal,Casual
712,6/12/2022,Full Day,6/8/2022 11:50,Personal,Casual
712,6/13/2022,Full Day,6/8/2022 11:50,Personal,Casual
1961,6/7/2022,Half Day,6/8/2022 12:40,Vehicle breakdown,Casual
440,5/26/2022,Full Day,6/8/2022 15:35,Personal,Casual
440,5/27/2022,Full Day,6/8/2022 15:35,Personal,Casual
597,5/30/2022,Half Day,6/8/2022 15:35,Personal,Casual
547,6/6/2022,Half Day,6/8/2022 15:35,sick,Casual
348,5/12/2022,Full Day,6/8/2022 5:37,,Casual
348,5/13/2022,Full Day,6/8/2022 5:37,,Casual
356,5/12/2022,Full Day,6/8/2022 5:37,,Casual
516,5/12/2022,Full Day,6/8/2022 5:37,,Casual
516,5/13/2022,Full Day,6/8/2022 5:37,,Casual
664,5/12/2022,Full Day,6/8/2022 5:37,,Casual
664,5/13/2022,Full Day,6/8/2022 5:37,,Casual
1212,5/12/2022,Full Day,6/8/2022 5:37,,Casual
1212,5/13/2022,Full Day,6/8/2022 5:37,,Casual
1308,5/12/2022,Full Day,6/8/2022 5:37,,Casual
1308,5/13/2022,Full Day,6/8/2022 5:37,,Casual
1381,5/12/2022,Half Day,6/8/2022 5:38,,Casual
1381,5/13/2022,Half Day,6/8/2022 5:38,,Casual
1657,5/12/2022,Full Day,6/8/2022 5:38,,Casual
1961,5/12/2022,Full Day,6/8/2022 5:38,,Casual
1961,5/13/2022,Full Day,6/8/2022 5:38,,Casual
2036,5/12/2022,Full Day,6/8/2022 5:38,,Casual
2036,5/13/2022,Full Day,6/8/2022 5:38,,Casual
2377,5/12/2022,Full Day,6/8/2022 5:38,,Casual
2377,5/13/2022,Full Day,6/8/2022 5:38,,Casual
2371,5/12/2022,Full Day,6/8/2022 5:39,,Casual
2371,5/13/2022,Full Day,6/8/2022 5:39,,Casual
2446,5/12/2022,Full Day,6/8/2022 5:39,,Casual
2446,5/13/2022,Full Day,6/8/2022 5:39,,Casual
347,5/24/2022,Full Day,6/13/2022 10:30,,Casual
347,5/25/2022,Full Day,6/13/2022 10:30,,Casual
347,5/26/2022,Full Day,6/13/2022 10:30,,Casual
356,5/6/2022,Full Day,6/13/2022 10:30,,Casual
516,5/20/2022,Full Day,6/13/2022 10:30,,Casual
517,5/20/2022,Half Day,6/13/2022 10:30,,Casual
551,5/9/2022,Full Day,6/13/2022 10:31,,Casual
712,5/26/2022,Half Day,6/13/2022 10:31,,Casual
1388,5/7/2022,Half Day,6/13/2022 10:31,,Casual
1399,5/28/2022,Half Day,6/13/2022 10:31,,Casual
1399,5/30/2022,Full Day,6/13/2022 10:31,,Casual
1399,5/31/2022,Full Day,6/13/2022 10:31,,Casual
1961,5/31/2022,Half Day,6/13/2022 10:31,,Casual
2036,5/21/2022,Half Day,6/13/2022 10:31,,Casual
2377,5/5/2022,Full Day,6/13/2022 10:31,,Casual
2377,5/14/2022,Half Day,6/13/2022 10:31,,Casual
2377,5/24/2022,Full Day,6/13/2022 10:31,,Casual
2377,5/26/2022,Full Day,6/13/2022 10:31,,Casual
2565,5/17/2022,Half Day,6/13/2022 10:31,,Casual
2604,5/19/2022,Half Day,6/13/2022 10:31,,Casual
2565,5/17/2022,Half Day,6/15/2022 2:41,,Casual
2604,5/19/2022,Half Day,6/15/2022 3:07,,Casual
1212,6/11/2022,Half Day,6/17/2022 17:00,SUFFERING FROM FEVER,Casual
2458,6/4/2022,Half Day,6/20/2022 0:00,,Casual
1961,6/16/2022,Full Day,6/22/2022 15:05,Due to fuel shortage,Casual
1961,6/18/2022,Half Day,6/22/2022 15:05,Personal work,Casual
556,6/24/2022,Full Day,6/28/2022 16:45,Funeral,Casual
556,6/25/2022,Half Day,6/28/2022 16:45,Funeral,Casual
1999,6/10/2022,Full Day,6/29/2022 23:35,Sick,Casual
1999,6/11/2022,Half Day,6/29/2022 23:35,Sick,Casual
373,6/25/2022,Half Day,7/1/2022 9:46,,Casual
373,6/27/2022,Full Day,7/1/2022 9:46,,Casual
373,6/28/2022,Full Day,7/1/2022 9:46,,Casual
1399,6/1/2022,Full Day,7/1/2022 9:46,,Casual
1399,6/11/2022,Half Day,7/1/2022 9:46,,Casual
2536,6/24/2022,Full Day,7/5/2022 12:35,Personal,Casual
347,6/13/2022,Full Day,7/6/2022 9:05,,Casual
356,6/10/2022,Full Day,7/6/2022 9:05,,Casual
356,6/22/2022,Half Day,7/6/2022 9:05,,Casual
423,6/17/2022,Full Day,7/6/2022 9:06,,Casual
423,6/18/2022,Half Day,7/6/2022 9:06,,Casual
2604,6/7/2022,Full Day,7/6/2022 9:55,Personal matter,Casual
1999,6/4/2022,Half Day,7/6/2022 9:55,PERSONAL,Casual
712,6/24/2022,Full Day,7/6/2022 10:10,Personal,Casual
712,6/25/2022,Full Day,7/6/2022 10:10,Personal,Casual
712,6/26/2022,Full Day,7/6/2022 10:10,Personal,Casual
712,6/27/2022,Full Day,7/6/2022 10:10,Personal,Casual
712,6/28/2022,Full Day,7/6/2022 10:10,Personal,Casual
712,6/29/2022,Full Day,7/6/2022 10:10,Personal,Casual
712,6/30/2022,Full Day,7/6/2022 10:10,Personal,Casual
1657,7/4/2022,Full Day,7/6/2022 10:10,sick,Casual
1657,7/5/2022,Full Day,7/6/2022 10:10,sick,Casual
2036,6/27/2022,Full Day,7/6/2022 13:05,sick,Casual
2036,6/28/2022,Full Day,7/6/2022 13:05,sick,Casual
516,6/24/2022,Half Day,7/6/2022 3:34,,Casual
516,6/29/2022,Full Day,7/6/2022 3:34,,Casual
550,6/13/2022,Full Day,7/6/2022 3:34,,Casual
550,6/15/2022,Full Day,7/6/2022 3:34,,Casual
1961,7/6/2022,Full Day,7/7/2022 10:00,Sick,Casual
516,6/1/2022,Full Day,7/8/2022 12:55,Personal,Casual
516,6/16/2022,Full Day,7/8/2022 12:55,Personal,Casual
516,6/17/2022,Full Day,7/8/2022 12:55,Personal,Casual
664,7/4/2022,Full Day,7/19/2022 13:05,For Sickness,Casual
664,7/19/2022,Half Day,7/19/2022 13:05,For Personal Matter,Casual
1961,7/14/2022,Full Day,7/21/2022 14:55,Due to the lack of Transport,Casual
1657,7/20/2022,Full Day,7/21/2022 14:55,PERSONAL,Casual
2458,7/14/2022,Half Day,7/25/2022 0:00,,Casual
373,7/22/2022,Half Day,7/29/2022 0:00,,Casual
373,7/23/2022,Half Day,7/29/2022 0:00,,Casual
373,7/25/2022,Half Day,7/29/2022 0:00,,Casual
2536,7/29/2022,Half Day,8/3/2022 7:55,Funeral,Casual
2384,7/15/2022,Full Day,8/3/2022 8:00,Personal,Casual
550,7/30/2022,Half Day,8/4/2022 0:00,,Casual
2601,8/22/2022,Full Day,8/8/2022 12:25,Personal.,Casual
1212,7/14/2022,Full Day,8/8/2022 12:25,PERSONAL,Casual
2036,7/8/2022,Full Day,8/8/2022 12:35,Personal,Casual
2036,7/9/2022,Half Day,8/8/2022 12:35,Personal,Casual
2604,7/12/2022,Half Day,8/9/2022 8:35,sick,Casual
348,7/2/2022,Half Day,8/9/2022 11:15,,Casual
348,7/6/2022,Full Day,8/9/2022 11:15,,Casual
348,7/9/2022,Half Day,8/9/2022 11:15,,Casual
1399,7/22/2022,Half Day,8/9/2022 11:16,,Casual
516,7/14/2022,Full Day,8/9/2022 5:50,,Casual
516,8/8/2022,Full Day,8/12/2022 9:10,Personal,Casual
1961,8/16/2022,Full Day,8/18/2022 12:50,Personal Work,Casual
2572,8/19/2022,Full Day,8/18/2022 12:50,personal,Casual
556,7/8/2022,Full Day,8/19/2022 17:40,Visa process,Casual
2642,8/10/2022,Half Day,8/19/2022 17:40,Personal,Casual
2642,8/29/2022,Full Day,8/26/2022 15:50,Personnel,Casual
2601,8/10/2022,Half Day,8/30/2022 11:05,Personal.,Casual
1212,8/12/2022,Full Day,8/30/2022 11:05,PERSONAL,Casual
1306,8/17/2022,Full Day,8/30/2022 11:05,Personal,Casual
1306,8/22/2022,Full Day,8/30/2022 11:05,Personal,Casual
1306,8/23/2022,Full Day,8/30/2022 11:05,Personal,Casual
1306,8/25/2022,Full Day,8/30/2022 11:05,Personal,Casual
1212,8/27/2022,Half Day,8/30/2022 11:05,PERSONAL,Casual
550,8/1/2022,Full Day,8/31/2022 8:50,,Casual
421,8/25/2022,Full Day,8/31/2022 8:56,,Casual
425,8/23/2022,Full Day,8/31/2022 8:56,,Casual
1388,8/6/2022,Half Day,8/31/2022 8:56,,Casual
1388,8/13/2022,Half Day,8/31/2022 8:56,,Casual
1388,8/22/2022,Half Day,8/31/2022 8:56,,Casual
2536,9/6/2022,Full Day,8/31/2022 9:35,Personal  Matter,Casual
2536,9/7/2022,Full Day,8/31/2022 9:35,Personal Matter,Casual
1657,8/30/2022,Full Day,8/31/2022 16:55,NOT WELL,Casual
1388,8/27/2022,Half Day,9/2/2022 0:00,,Casual
1657,9/3/2022,Half Day,9/5/2022 9:10,Not well,Casual
516,8/19/2022,Full Day,9/5/2022 16:25,Personal,Casual
516,8/24/2022,Full Day,9/5/2022 16:25,Personal,Casual
547,8/27/2022,Half Day,9/5/2022 16:25,personal,Casual
516,8/18/2022,Full Day,9/5/2022 16:35,Personal,Casual
2536,8/19/2022,Full Day,9/5/2022 16:35,Suffering from fever,Casual
2210,8/12/2022,Full Day,9/15/2022 12:16,,Casual
516,9/5/2022,Full Day,9/21/2022 10:35,Personal,Casual
2384,9/19/2022,Full Day,9/21/2022 10:35,Personal,Casual
2642,9/24/2022,Half Day,9/26/2022 14:30,Personnel,Casual
1388,9/17/2022,Half Day,9/28/2022 0:00,,Casual
1657,9/27/2022,Full Day,10/3/2022 17:15,not well,Casual
1657,9/17/2022,Half Day,10/3/2022 17:20,Sick & Not Well,Casual
1308,9/8/2022,Full Day,10/3/2022 17:20,Personal,Casual
1657,9/26/2022,Full Day,10/3/2022 17:20,not well,Casual
1308,9/9/2022,Half Day,10/3/2022 17:35,Personal,Casual
550,9/2/2022,Full Day,10/5/2022 9:45,,Casual
550,9/3/2022,Half Day,10/5/2022 9:45,,Casual
1212,9/16/2022,Full Day,10/7/2022 14:55,SICK,Casual
1212,9/17/2022,Half Day,10/7/2022 14:55,SICK,Casual
2701,9/23/2022,Half Day,10/7/2022 14:55,Personal,Casual
2536,9/27/2022,Half Day,10/10/2022 11:00,Personal,Casual
2536,10/1/2022,Full Day,10/10/2022 11:00,Personal,Casual
2384,10/14/2022,Full Day,10/10/2022 11:00,Personal,Casual
2384,10/15/2022,Full Day,10/10/2022 11:00,Personal,Casual
356,9/5/2022,Full Day,10/10/2022 1:35,,Casual
356,9/6/2022,Full Day,10/10/2022 1:35,,Casual
2701,10/29/2022,Half Day,10/28/2022 14:15,Personal,Casual
1657,10/5/2022,Full Day,11/1/2022 10:25,personal mater,Casual
1657,10/11/2022,Full Day,11/1/2022 10:25,SICK,Casual
1657,10/25/2022,Full Day,11/1/2022 10:25,Personal,Casual
1657,10/26/2022,Full Day,11/1/2022 10:25,Personal,Casual
1657,10/31/2022,Full Day,11/1/2022 10:25,personal,Casual
356,10/21/2022,Half Day,11/3/2022 10:53,,Casual
517,10/29/2022,Half Day,11/11/2022 13:20,Personal,Casual
2390,10/5/2022,Half Day,11/12/2022 12:13,,Casual
2391,10/5/2022,Half Day,11/12/2022 12:13,,Casual
2536,10/25/2022,Half Day,11/14/2022 13:10,Personal Matter,Casual
545,10/24/2022,Full Day,11/14/2022 13:10,Personal,Casual
545,10/29/2022,Half Day,11/14/2022 13:10,Personal,Casual
2536,10/31/2022,Full Day,11/14/2022 13:10,Sick,Casual
1964,10/25/2022,Full Day,11/14/2022 13:15,Preparing for IELTS Exam,Casual
664,11/14/2022,Full Day,11/17/2022 8:25,For Sickness,Casual
664,12/9/2022,Full Day,11/17/2022 8:25,For personal matter,Casual
664,11/15/2022,Full Day,11/17/2022 8:25,For Sickness,Casual
664,11/16/2022,Half Day,11/17/2022 8:25,For Personal Matter,Casual
664,11/19/2022,Half Day,11/19/2022 8:50,For Personal Matter,Casual
347,11/5/2022,Half Day,11/29/2022 0:00,,Casual
1308,10/19/2022,Half Day,12/6/2022 12:40,Personal,Casual
1308,10/10/2022,Full Day,12/6/2022 12:40,personal,Casual
2701,11/25/2022,Full Day,12/6/2022 12:50,Personal,Casual
393,11/28/2022,Full Day,12/6/2022 12:50,private,Casual
1212,12/2/2022,Half Day,12/6/2022 12:50,PERSONAL,Casual
1964,11/4/2022,Full Day,12/8/2022 18:20,Went to Colombo,Casual
2036,11/14/2022,Full Day,12/8/2022 18:20,Personal,Casual
2831,11/19/2022,Half Day,12/8/2022 18:20,For channel doctor,Casual
545,11/19/2022,Half Day,12/8/2022 18:20,Personal,Casual
2036,12/5/2022,Full Day,12/8/2022 18:20,personal,Casual
545,11/24/2022,Full Day,12/8/2022 18:20,Sick Leave,Casual
545,11/26/2022,Half Day,12/8/2022 18:20,Personal,Casual
2734,11/19/2022,Half Day,12/9/2022 0:00,,Casual
2734,11/26/2022,Half Day,12/9/2022 0:00,,Casual
1388,11/19/2022,Half Day,12/9/2022 0:00,,Casual
557,12/9/2022,Full Day,12/16/2022 13:45,Personal,Casual
557,12/10/2022,Half Day,12/16/2022 13:45,Personal,Casual
2737,12/14/2022,Half Day,12/16/2022 13:45,To attend Police Station,Casual
2972,12/31/2022,Half Day,1/7/2023 11:20,Personal,Casual
2813,12/13/2022,Full Day,1/9/2023 11:35,Personal,Casual
1212,1/7/2023,Half Day,1/11/2023 9:30,PERSONAL,Casual
1964,12/10/2022,Half Day,1/12/2023 0:00,Personal,Casual
1964,12/21/2022,Half Day,1/12/2023 0:00,Attend for urgent matter,Casual
1964,12/24/2022,Half Day,1/12/2023 0:00,Went to Baththramulla for urgent matter,Casual
2734,12/26/2022,Half Day,1/12/2023 0:00,Personal,Casual
2734,12/31/2022,Half Day,1/12/2023 0:00,Personal,Casual
1961,12/9/2022,Full Day,1/17/2023 12:35,personal work,Casual
2384,1/7/2023,Half Day,1/17/2023 12:35,Personal Matter,Casual
356,12/27/2022,Half Day,1/17/2023 12:35,Personal,Casual
356,12/31/2022,Half Day,1/17/2023 12:35,Personal,Casual
2384,1/12/2023,Half Day,1/17/2023 12:35,Personal,Casual
2384,1/13/2023,Full Day,1/17/2023 12:35,Personal,Casual
1388,12/31/2022,Half Day,1/17/2023 12:35,Personal,Casual
1388,12/17/2022,Half Day,1/17/2023 0:00,,Casual
1388,12/18/2022,Full Day,1/17/2023 0:00,,Casual
1308,1/10/2023,Full Day,1/19/2023 15:10,Personal,Casual
1308,1/11/2023,Full Day,1/19/2023 15:10,Personal,Casual
1308,1/12/2023,Full Day,1/19/2023 15:10,Personal,Casual
664,12/11/2022,Full Day,1/25/2023 9:25,For Personal Matter,Casual
664,12/12/2022,Full Day,1/25/2023 9:25,For Personal Matter,Casual
664,12/13/2022,Full Day,1/25/2023 9:25,Due to Illness,Casual
664,12/14/2022,Full Day,1/25/2023 9:25,Due to Illness,Casual
2210,1/7/2023,Half Day,1/25/2023 9:25,Personnel,Casual
2210,1/21/2023,Half Day,1/25/2023 9:25,Personnel,Casual
3106,1/26/2023,Full Day,1/27/2023 0:00,Personal,Casual
347,1/28/2023,Full Day,1/27/2023 0:00,Personal,Casual
2701,1/5/2023,Full Day,1/30/2023 9:05,For exam,Casual
2701,1/26/2023,Full Day,1/30/2023 9:05,Peronal,Casual
481,1/19/2023,Full Day,1/31/2023 0:00,Personal,Casual
481,1/20/2023,Half Day,1/31/2023 0:00,Personal,Casual
596,1/25/2023,Half Day,1/31/2023 0:00,Personal,Casual
596,1/26/2023,Full Day,1/31/2023 0:00,Personal,Casual
596,1/27/2023,Full Day,1/31/2023 0:00,Personal,Casual
596,1/28/2023,Half Day,1/31/2023 0:00,Personal,Casual
2972,1/28/2023,Half Day,2/3/2023 14:00,Personal,Casual
2972,1/30/2023,Full Day,2/3/2023 14:00,Personal,Casual
2737,12/8/2022,Full Day,2/3/2023 16:05,Personal,Casual
